评估日期,综合广度_Bcomp,站上季线_Bmid,市场状态,执行总仓位,持仓标的明细,V2进阶增强净值,V1基础优化净值,6ETF等权基准净值,沪深300基准净值
2023-01-02,0.65,4/6,中性震荡,60.0%,"上证50(30.0%), 沪深300(30.0%)",1.0,1.0,1.0,1.0
2023-01-09,0.65,4/6,中性震荡,60.0%,"上证50(30.0%), 沪深300(30.0%)",1.0172,1.0105,1.0127,1.0297
2023-01-16,0.8,6/6,多头进攻,85.7%,"上证50(42.9%), 沪深300(42.9%)",1.0294,1.0286,1.049,1.0514
2023-01-30,0.742,6/6,多头进攻,65.2%,"上证50(24.5%), 沪深300(40.8%)",1.0161,1.0312,1.0491,1.0432
2023-02-06,0.625,6/6,中性震荡,58.3%,"中证1000(29.2%), 沪深300(29.2%)",1.0078,1.0265,1.0426,1.0297
2023-02-13,0.375,5/6,中性震荡,41.7%,"中证1000(20.8%), 沪深300(20.8%)",0.9986,1.0181,1.0201,1.0162
2023-02-20,0.358,4/6,中性震荡,40.6%,"中证1000(20.3%), 中证500(20.3%)",1.0012,1.0224,1.0248,1.0216
2023-02-27,0.608,5/6,中性震荡,57.2%,"中证1000(28.6%), 中证500(28.6%)",1.0059,1.0282,1.036,1.0378
2023-03-06,0.283,3/6,弱势防守,0.0%,100% 现金避险,0.9883,1.0066,1.0042,0.9946
2023-03-13,0.283,3/6,弱势防守,0.0%,100% 现金避险,0.9883,1.006,0.9986,0.9946
2023-03-20,0.683,3/6,多头进攻,77.4%,"科创50(38.7%), 中证1000(38.7%)",0.9883,1.0112,1.0242,1.0162
2023-03-27,0.742,3/6,多头进攻,81.5%,"科创50(40.8%), 中证1000(40.8%)",0.9953,1.0184,1.0311,1.0162
2023-04-03,0.85,4/6,多头进攻,89.3%,"科创50(44.6%), 中证1000(44.6%)",1.0374,1.0502,1.0602,1.0378
2023-04-10,0.85,4/6,多头进攻,89.3%,"科创50(44.6%), 中证1000(44.6%)",1.0224,1.0403,1.0511,1.0297
2023-04-17,0.208,1/6,弱势防守,0.0%,100% 现金避险,1.0023,1.0233,1.0278,1.0162
2023-04-24,0.267,1/6,弱势防守,0.0%,100% 现金避险,1.0023,1.0243,1.0224,1.0162
2023-05-01,0.158,0/6,极端空头,0.0%,100% 现金避险,1.0023,1.0231,1.0081,1.0081
2023-05-08,0.0,0/6,极端空头,0.0%,100% 现金避险,1.0023,1.0199,0.987,0.9865
2023-05-15,0.15,0/6,极端空头,0.0%,100% 现金避险,1.0023,1.0199,1.0004,0.9946
2023-05-22,0.092,0/6,极端空头,0.0%,100% 现金避险,1.0023,1.0199,0.9819,0.9649
2023-05-29,0.208,0/6,极端空头,0.0%,100% 现金避险,1.0023,1.0199,0.9901,0.973
2023-06-05,0.033,0/6,极端空头,0.0%,100% 现金避险,1.0023,1.0199,0.9725,0.9649
2023-06-12,0.383,0/6,极端空头,0.0%,100% 现金避险,1.0023,1.0199,1.0053,1.0
2023-06-19,0.0,0/6,极端空头,0.0%,100% 现金避险,1.0023,1.0199,0.9799,0.973
2023-06-26,0.117,0/6,极端空头,0.0%,100% 现金避险,1.0023,1.0199,0.9804,0.973
2023-07-03,0.0,0/6,极端空头,0.0%,100% 现金避险,1.0023,1.0199,0.97,0.973
2023-07-10,0.458,3/6,中性震荡,47.2%,"沪深300(23.6%), 上证50(23.6%)",1.0023,1.0199,0.9857,0.9946
2023-07-17,0.058,0/6,极端空头,0.0%,100% 现金避险,0.9956,1.0118,0.9641,0.9784
2023-07-24,0.6,4/6,中性震荡,56.7%,"上证50(28.3%), 沪深300(28.3%)",0.9956,1.0118,0.992,1.0216
2023-07-31,0.75,4/6,多头进攻,82.1%,"上证50(41.1%), 沪深300(41.1%)",0.9967,1.017,1.0019,1.0297
2023-08-07,0.183,2/6,弱势防守,0.0%,100% 现金避险,0.9699,0.994,0.9674,0.9946
2023-08-14,0.0,0/6,极端空头,0.0%,100% 现金避险,0.9699,0.9875,0.9385,0.9649
2023-08-21,0.0,0/6,极端空头,0.0%,100% 现金避险,0.9699,0.9875,0.9127,0.9486
2023-08-28,0.25,1/6,弱势防守,0.0%,100% 现金避险,0.9699,0.9875,0.9454,0.973
2023-09-04,0.117,0/6,极端空头,0.0%,100% 现金避险,0.9699,0.9841,0.9297,0.9568
2023-09-11,0.175,0/6,极端空头,0.0%,100% 现金避险,0.9699,0.9835,0.9224,0.9486
2023-09-18,0.225,1/6,弱势防守,0.0%,100% 现金避险,0.9699,0.9835,0.9267,0.9568
2023-09-25,0.058,0/6,极端空头,0.0%,100% 现金避险,0.9699,0.9791,0.9215,0.9432
2023-10-09,0.117,0/6,极端空头,0.0%,100% 现金避险,0.9699,0.9791,0.9169,0.9351
2023-10-16,0.0,0/6,极端空头,0.0%,100% 现金避险,0.9699,0.9791,0.8766,0.8919
2023-10-23,0.0,0/6,极端空头,0.0%,100% 现金避险,0.9699,0.9791,0.8895,0.9054
2023-10-30,0.292,0/6,极端空头,0.0%,100% 现金避险,0.9699,0.9791,0.899,0.9135
2023-11-06,0.5,2/6,中性震荡,50.0%,"中证1000(25.0%), 科创50(25.0%)",0.9699,0.9791,0.9075,0.9135
2023-11-13,0.458,3/6,中性震荡,47.2%,"中证1000(23.6%), 科创50(23.6%)",0.9732,0.9797,0.9071,0.9054
2023-11-20,0.133,1/6,极端空头,0.0%,100% 现金避险,0.9639,0.9757,0.8941,0.9
2023-11-27,0.075,1/6,极端空头,0.0%,100% 现金避险,0.9639,0.9757,0.8889,0.8838
2023-12-04,0.0,0/6,极端空头,0.0%,100% 现金避险,0.9639,0.9757,0.8729,0.8622
2023-12-11,0.0,0/6,极端空头,0.0%,100% 现金避险,0.9639,0.9757,0.8602,0.8486
2023-12-18,0.0,0/6,极端空头,0.0%,100% 现金避险,0.9639,0.9757,0.8512,0.8486
2023-12-25,0.175,0/6,极端空头,0.0%,100% 现金避险,0.9639,0.9757,0.8702,0.8703
2024-01-01,0.0,0/6,极端空头,0.0%,100% 现金避险,0.9639,0.9757,0.8368,0.8405
2024-01-08,0.0,0/6,极端空头,0.0%,100% 现金避险,0.9639,0.9757,0.8208,0.8324
2024-01-15,0.0,0/6,极端空头,0.0%,100% 现金避险,0.9639,0.9757,0.8031,0.827
2024-01-22,0.192,1/6,弱势防守,0.0%,100% 现金避险,0.9639,0.9757,0.8019,0.8405
2024-01-29,0.0,0/6,极端空头,0.0%,100% 现金避险,0.9639,0.9661,0.7371,0.8027
2024-02-05,0.442,2/6,中性震荡,46.1%,"上证50(23.1%), 沪深300(23.1%)",0.9639,0.9661,0.8093,0.8541
2024-02-19,0.533,2/6,中性震荡,52.2%,"上证50(26.1%), 沪深300(26.1%)",0.9796,0.9757,0.8303,0.8838
2024-02-26,0.792,5/6,多头进攻,85.1%,"上证50(42.6%), 沪深300(42.6%)",0.9821,0.9897,0.8568,0.9
2024-03-04,0.792,5/6,多头进攻,85.1%,"上证50(42.6%), 沪深300(42.6%)",0.9857,0.9821,0.8505,0.9
2024-03-11,0.933,6/6,多头进攻,95.2%,"上证50(47.6%), 沪深300(47.6%)",0.9882,1.0048,0.8681,0.9054
2024-03-18,0.667,6/6,多头进攻,45.7%,"上证50(22.9%), 沪深300(22.9%)",0.9793,0.9947,0.859,0.9
2024-03-25,0.442,5/6,中性震荡,46.1%,"沪深300(23.1%), 上证50(23.1%)",0.9803,0.9812,0.8437,0.9
2024-04-01,0.625,5/6,中性震荡,58.3%,"沪深300(29.2%), 上证50(29.2%)",0.9836,0.9866,0.851,0.9054
2024-04-08,0.258,3/6,弱势防守,0.0%,100% 现金避险,0.9668,0.972,0.8252,0.8757
2024-04-15,0.408,3/6,中性震荡,43.9%,"上证50(21.9%), 沪深300(21.9%)",0.9668,0.9795,0.8293,0.9
2024-04-22,0.858,5/6,多头进攻,89.9%,"上证50(44.9%), 创业板指(44.9%)",0.9708,0.9833,0.8486,0.9054
2024-04-29,0.858,5/6,多头进攻,89.9%,"创业板指(44.9%), 中证500(44.9%)",0.9812,0.998,0.8608,0.9135
2024-05-06,0.892,5/6,多头进攻,92.3%,"创业板指(46.1%), 中证1000(46.1%)",0.9955,1.0097,0.872,0.927
2024-05-13,0.833,5/6,多头进攻,88.1%,"创业板指(44.0%), 中证1000(44.0%)",0.9916,1.0043,0.8705,0.9351
2024-05-20,0.283,2/6,弱势防守,0.0%,100% 现金避险,0.9631,0.9831,0.8435,0.9135
2024-05-27,0.283,2/6,弱势防守,0.0%,100% 现金避险,0.9631,0.9825,0.8453,0.9135
2024-06-03,0.217,2/6,弱势防守,0.0%,100% 现金避险,0.9631,0.9825,0.8349,0.9135
2024-06-10,0.233,1/6,弱势防守,0.0%,100% 现金避险,0.9631,0.9803,0.839,0.9054
2024-06-17,0.2,1/6,弱势防守,0.0%,100% 现金避险,0.9631,0.9768,0.8254,0.8919
2024-06-24,0.0,0/6,极端空头,0.0%,100% 现金避险,0.9631,0.9752,0.8014,0.8838
2024-07-01,0.0,0/6,极端空头,0.0%,100% 现金避险,0.9631,0.9752,0.7897,0.8757
2024-07-08,0.15,0/6,极端空头,0.0%,100% 现金避险,0.9631,0.9752,0.8048,0.8919
2024-07-15,0.525,3/6,中性震荡,51.7%,"上证50(25.8%), 沪深300(25.8%)",0.9631,0.9752,0.817,0.9135
2024-07-22,0.0,0/6,极端空头,0.0%,100% 现金避险,0.9457,0.9584,0.7905,0.8838
2024-07-29,0.0,0/6,极端空头,0.0%,100% 现金避险,0.9457,0.9584,0.7917,0.8757
2024-08-05,0.0,0/6,极端空头,0.0%,100% 现金避险,0.9457,0.9584,0.778,0.8622
2024-08-12,0.058,0/6,极端空头,0.0%,100% 现金避险,0.9457,0.9584,0.7754,0.8622
2024-08-19,0.058,0/6,极端空头,0.0%,100% 现金避险,0.9457,0.9584,0.7606,0.8622
2024-08-26,0.117,0/6,极端空头,0.0%,100% 现金避险,0.9457,0.9584,0.7712,0.8622
2024-09-02,0.0,0/6,极端空头,0.0%,100% 现金避险,0.9457,0.9584,0.7463,0.8324
2024-09-09,0.0,0/6,极端空头,0.0%,100% 现金避险,0.9457,0.9584,0.7349,0.8189
2024-09-16,0.0,0/6,极端空头,0.0%,100% 现金避险,0.9457,0.9584,0.7371,0.827
2024-09-23,1.0,6/6,多头进攻,100.0%,"创业板指(50.0%), 中证1000(50.0%)",0.9457,0.9584,0.885,0.9865
2024-09-30,1.0,6/6,多头进攻,100.0%,"创业板指(50.0%), 科创50(50.0%)",1.0903,1.0712,0.9997,1.0892
2024-10-07,1.0,6/6,多头进攻,100.0%,"创业板指(50.0%), 科创50(50.0%)",1.0489,1.0487,0.9445,1.0162
2024-10-14,0.883,6/6,多头进攻,91.7%,"创业板指(45.8%), 科创50(45.8%)",1.1229,1.114,0.9826,1.0297
2024-10-21,0.883,6/6,多头进攻,91.7%,"创业板指(45.8%), 科创50(45.8%)",1.1345,1.1213,1.0,1.0378
2024-10-28,0.767,6/6,多头进攻,50.0%,"创业板指(25.0%), 科创50(25.0%)",1.0801,1.078,0.9763,1.0162
2024-11-04,1.0,6/6,多头进攻,100.0%,"创业板指(50.0%), 科创50(50.0%)",1.1311,1.1459,1.0484,1.073
2024-11-11,0.825,6/6,多头进攻,87.5%,"创业板指(43.8%), 科创50(43.8%)",1.0898,1.1119,1.0064,1.0378
2024-11-18,0.65,6/6,多头进攻,45.0%,"创业板指(22.5%), 科创50(22.5%)",1.0669,1.0931,0.98,1.0081
2024-11-25,0.767,6/6,多头进攻,66.7%,"创业板指(25.0%), 科创50(41.7%)",1.0806,1.1119,1.0025,1.0216
2024-12-02,1.0,6/6,多头进攻,100.0%,"创业板指(50.0%), 科创50(50.0%)",1.0888,1.1217,1.0188,1.0378
2024-12-09,0.792,4/6,多头进攻,68.1%,"创业板指(42.6%), 科创50(25.5%)",1.0694,1.1057,1.011,1.0297
2024-12-16,0.542,3/6,中性震荡,52.8%,"科创50(26.4%), 中证1000(26.4%)",1.0699,1.1092,1.0092,1.0297
2024-12-23,0.75,5/6,多头进攻,65.7%,"科创50(41.1%), 中证1000(24.6%)",1.0692,1.111,1.0125,1.0432
2024-12-30,0.2,0/6,极端空头,0.0%,100% 现金避险,1.0123,1.0505,0.9404,0.9865
2025-01-06,0.167,0/6,极端空头,0.0%,100% 现金避险,1.0123,1.049,0.9303,0.9784
2025-01-13,0.317,0/6,极端空头,0.0%,100% 现金避险,1.0123,1.049,0.96,0.9946
2025-01-20,0.55,0/6,极端空头,0.0%,100% 现金避险,1.0123,1.049,0.9723,1.0081
2025-01-27,0.492,0/6,极端空头,0.0%,100% 现金避险,1.0123,1.049,0.9594,1.0
2025-02-03,1.0,6/6,多头进攻,100.0%,"科创50(50.0%), 中证1000(50.0%)",1.0123,1.049,0.9985,1.0216
2025-02-10,1.0,6/6,多头进攻,100.0%,"科创50(50.0%), 中证1000(50.0%)",1.0258,1.0602,1.0147,1.0297
2025-02-17,1.0,6/6,多头进攻,100.0%,"科创50(50.0%), 中证1000(50.0%)",1.0796,1.1046,1.0443,1.0432
2025-02-24,0.708,6/6,多头进攻,63.3%,"科创50(39.6%), 中证1000(23.8%)",1.0524,1.0823,1.0144,1.0216
2025-03-03,0.942,6/6,多头进攻,95.8%,"科创50(47.9%), 中证1000(47.9%)",1.0726,1.1034,1.0373,1.0378
2025-03-10,0.942,6/6,多头进攻,76.7%,"科创50(28.7%), 中证1000(47.9%)",1.073,1.1037,1.049,1.0514
2025-03-17,0.617,6/6,中性震荡,57.8%,"中证1000(28.9%), 中证500(28.9%)",1.0437,1.0722,1.0176,1.0297
2025-03-24,0.467,4/6,中性震荡,47.8%,"中证1000(23.9%), 中证500(23.9%)",1.034,1.0685,1.0081,1.0297
2025-03-31,0.175,1/6,弱势防守,0.0%,100% 现金避险,1.0284,1.0624,0.994,1.0162
2025-04-07,0.0,0/6,极端空头,0.0%,100% 现金避险,1.0284,1.0563,0.9563,0.9784
2025-04-14,0.167,1/6,弱势防守,0.0%,100% 现金避险,1.0284,1.0563,0.9574,0.9865
2025-04-21,0.15,0/6,极端空头,0.0%,100% 现金避险,1.0284,1.0568,0.965,0.9946
2025-04-28,0.267,0/6,极端空头,0.0%,100% 现金避险,1.0284,1.0559,0.9644,0.9865
2025-05-05,0.4,1/6,中性震荡,26.0%,上证50(26.0%),1.0284,1.0559,0.9817,1.0081
2025-05-12,0.508,2/6,中性震荡,50.6%,"上证50(25.3%), 沪深300(25.3%)",1.0314,1.059,0.9859,1.0216
2025-05-19,0.392,2/6,中性震荡,42.8%,"上证50(21.4%), 沪深300(21.4%)",1.0305,1.056,0.9788,1.0216
2025-05-26,0.333,2/6,弱势防守,0.0%,100% 现金避险,1.0276,1.0573,0.9781,1.0162
2025-06-02,0.8,5/6,多头进攻,85.7%,"中证1000(42.9%), 沪深300(42.9%)",1.0276,1.0583,0.9912,1.0216
2025-06-09,0.683,5/6,多头进攻,46.4%,"沪深300(23.2%), 上证50(23.2%)",1.0199,1.0538,0.9846,1.0162
2025-06-16,0.367,4/6,中性震荡,41.1%,"上证50(20.6%), 沪深300(20.6%)",1.0199,1.0445,0.9748,1.0162
2025-06-23,0.892,5/6,多头进攻,92.3%,"创业板指(46.1%), 中证1000(46.1%)",1.0283,1.0589,1.0111,1.0378
2025-06-30,0.892,5/6,多头进攻,92.3%,"创业板指(46.1%), 中证1000(46.1%)",1.0355,1.0609,1.0197,1.0595
2025-07-07,0.967,6/6,多头进攻,97.6%,"创业板指(48.8%), 中证1000(48.8%)",1.0644,1.0832,1.0387,1.0676
2025-07-14,0.967,6/6,多头进攻,97.6%,"创业板指(48.8%), 中证1000(48.8%)",1.0844,1.093,1.0527,1.0811
2025-07-21,1.0,6/6,多头进攻,100.0%,"创业板指(50.0%), 中证1000(50.0%)",1.1121,1.1164,1.0817,1.1027
2025-07-28,0.883,6/6,多头进攻,91.7%,"创业板指(45.8%), 中证1000(45.8%)",1.1085,1.1121,1.0691,1.0811
2025-08-04,1.0,6/6,多头进攻,100.0%,"创业板指(50.0%), 中证1000(50.0%)",1.12,1.1258,1.0815,1.0946
2025-08-11,1.0,6/6,多头进攻,100.0%,"创业板指(50.0%), 中证1000(50.0%)",1.1967,1.1694,1.1333,1.1243
2025-08-18,1.0,6/6,多头进攻,100.0%,"创业板指(50.0%), 中证1000(50.0%)",1.25,1.2007,1.1991,1.1757
2025-08-25,1.0,6/6,多头进攻,100.0%,"创业板指(50.0%), 科创50(50.0%)",1.304,1.2422,1.2451,1.2108
2025-09-01,0.942,6/6,多头进攻,95.8%,"创业板指(47.9%), 科创50(47.9%)",1.2827,1.2129,1.2247,1.1973
2025-09-08,1.0,6/6,多头进攻,100.0%,"创业板指(50.0%), 科创50(50.0%)",1.3305,1.255,1.2562,1.2108
2025-09-15,0.942,6/6,多头进攻,95.8%,"创业板指(47.9%), 科创50(47.9%)",1.3572,1.2745,1.2614,1.2108
2025-09-22,1.0,6/6,多头进攻,100.0%,"创业板指(50.0%), 科创50(50.0%)",1.4137,1.3232,1.2874,1.227
2025-09-29,1.0,6/6,多头进攻,100.0%,"创业板指(50.0%), 科创50(50.0%)",1.4549,1.3544,1.3163,1.2486
2025-10-06,0.942,6/6,多头进攻,76.7%,"创业板指(28.7%), 科创50(47.9%)",1.4078,1.3212,1.2992,1.2405
2025-10-13,0.633,5/6,中性震荡,58.9%,"科创50(29.4%), 创业板指(29.4%)",1.3424,1.2602,1.2482,1.2189
2025-10-20,0.883,6/6,多头进攻,91.7%,"创业板指(45.8%), 科创50(45.8%)",1.4019,1.2852,1.3048,1.2568
2025-10-27,0.942,6/6,多头进攻,76.7%,"创业板指(47.9%), 科创50(28.7%)",1.3857,1.2733,1.3022,1.2568
2025-11-03,1.0,6/6,多头进攻,100.0%,"创业板指(50.0%), 科创50(50.0%)",1.3895,1.2759,1.3078,1.2622
2025-11-10,0.692,5/6,多头进攻,46.8%,"创业板指(23.4%), 沪深300(23.4%)",1.3432,1.2419,1.2859,1.2486
2025-11-17,0.2,0/6,极端空头,0.0%,100% 现金避险,1.3111,1.1971,1.2216,1.1973
2025-11-24,0.2,0/6,极端空头,0.0%,100% 现金避险,1.3111,1.1991,1.2561,1.2189
2025-12-01,0.7,2/6,多头进攻,78.6%,"创业板指(39.3%), 沪深300(39.3%)",1.3111,1.1991,1.2665,1.2351
2025-12-08,0.7,2/6,多头进攻,78.6%,"创业板指(39.3%), 沪深300(39.3%)",1.3253,1.2159,1.2804,1.2351
2025-12-15,0.658,3/6,多头进攻,75.6%,"创业板指(37.8%), 上证50(37.8%)",1.3143,1.2079,1.2701,1.2351
2025-12-22,0.925,5/6,多头进攻,94.6%,"创业板指(47.3%), 中证500(47.3%)",1.3397,1.2363,1.3079,1.2622
2025-12-29,0.925,5/6,多头进攻,94.6%,"创业板指(47.3%), 中证500(47.3%)",1.3319,1.2305,1.3015,1.2486
2026-01-05,1.0,6/6,多头进攻,100.0%,"创业板指(50.0%), 中证500(50.0%)",1.4128,1.2903,1.3793,1.2838
2026-01-12,1.0,6/6,多头进攻,100.0%,"中证500(50.0%), 中证1000(50.0%)",1.4302,1.303,1.3884,1.2784
2026-01-19,0.942,6/6,多头进攻,95.8%,"中证500(47.9%), 中证1000(47.9%)",1.4947,1.3297,1.4095,1.2711
2026-01-26,0.767,6/6,多头进攻,66.7%,"中证500(41.7%), 中证1000(25.0%)",1.4505,1.2983,1.3918,1.2732
2026-02-02,0.65,6/6,多头进攻,45.0%,"中证500(22.5%), 中证1000(22.5%)",1.4226,1.2736,1.3528,1.2568
2026-02-09,0.65,6/6,多头进攻,45.0%,"中证500(22.5%), 中证1000(22.5%)",1.4368,1.2906,1.3737,1.2632
2026-02-23,0.942,6/6,多头进攻,95.8%,"中证500(47.9%), 中证1000(47.9%)",1.4642,1.3234,1.4013,1.277
2026-03-02,0.317,2/6,弱势防守,0.0%,100% 现金避险,1.4123,1.2859,1.3608,1.2611
2026-03-09,0.417,3/6,中性震荡,44.4%,"中证500(22.2%), 中证1000(22.2%)",1.4123,1.2841,1.3544,1.2646
2026-03-16,0.233,1/6,弱势防守,0.0%,100% 现金避险,1.3768,1.2603,1.3113,1.2365
2026-03-23,0.233,1/6,弱势防守,0.0%,100% 现金避险,1.3768,1.2552,1.2969,1.2186
2026-03-30,0.0,0/6,极端空头,0.0%,100% 现金避险,1.3768,1.2528,1.2652,1.2041
2026-04-06,0.558,1/6,中性震荡,32.3%,创业板指(32.3%),1.3768,1.2528,1.3421,1.2546
2026-04-13,0.892,5/6,多头进攻,92.3%,"中证500(46.1%), 中证1000(46.1%)",1.4069,1.2702,1.3882,1.2811
2026-04-20,0.892,5/6,多头进攻,92.3%,"创业板指(46.1%), 沪深300(46.1%)",1.4093,1.272,1.399,1.2922
2026-04-27,1.0,6/6,多头进攻,100.0%,"创业板指(50.0%), 科创50(50.0%)",1.418,1.2821,1.4294,1.3041
2026-05-04,1.0,6/6,多头进攻,100.0%,"创业板指(50.0%), 科创50(50.0%)",1.4713,1.3205,1.4715,1.3208
2026-05-11,0.908,6/6,多头进攻,93.5%,"创业板指(46.7%), 科创50(46.7%)",1.5286,1.3405,1.4813,1.3184
2026-05-18,0.833,5/6,多头进攻,88.1%,"创业板指(44.0%), 科创50(44.0%)",1.5646,1.3383,1.4923,1.3146
2026-05-25,0.792,6/6,多头进攻,85.1%,"创业板指(42.6%), 科创50(42.6%)",1.5672,1.3363,1.482,1.3308
2026-06-01,0.542,5/6,中性震荡,52.8%,"科创50(26.4%), 创业板指(26.4%)",1.5254,1.3246,1.4525,1.3089
2026-06-08,0.417,3/6,中性震荡,44.4%,"科创50(22.2%), 创业板指(22.2%)",1.5108,1.3186,1.4394,1.3024
2026-06-15,0.967,6/6,多头进攻,97.6%,"创业板指(48.8%), 科创50(48.8%)",1.5974,1.35,1.5468,1.3468
2026-06-22,0.892,5/6,多头进攻,92.3%,"创业板指(46.1%), 科创50(46.1%)",1.6328,1.3338,1.5497,1.3265
2026-06-29,0.85,6/6,多头进攻,71.4%,"创业板指(26.8%), 科创50(44.6%)",1.5907,1.3064,1.5381,1.3181
2026-07-06,0.508,3/6,中性震荡,50.6%,"科创50(25.3%), 中证500(25.3%)",1.6073,1.3092,1.5205,1.3051
2026-07-13,0.033,0/6,极端空头,0.0%,100% 现金避险,1.4837,1.2523,1.3632,1.2403
2026-07-20,0.2,1/6,弱势防守,0.0%,100% 现金避险,1.4837,1.2523,1.386,1.2705
2026-07-27,0.2,1/6,弱势防守,0.0%,100% 现金避险,1.4837,1.2499,1.3552,1.2576
2026-08-03,0.492,1/6,中性震荡,29.7%,上证50(29.7%),1.4837,1.2547,1.4258,1.2841
2026-08-10,0.375,1/6,中性震荡,25.0%,上证50(25.0%),1.4773,1.2535,1.4245,1.2773
2026-08-17,0.208,0/6,极端空头,0.0%,100% 现金避险,1.4739,1.2466,1.3966,1.2649
2026-08-24,0.283,1/6,弱势防守,0.0%,100% 现金避险,1.4739,1.2474,1.3975,1.2573
